Date,Item ID,Item Type,Material,Quantity Sold,Unit Price,Gross Weight (g),Net Weight (g),Diamond Weight (ct),Tunch %,Gold Rate ,Diamond Rate ,Labour Charge ,Gold Value ,Diamond Value ,Total Amount Sale,SALESMAN,CUSTOMER,Stone Price,Other charges,Category,Sub Category,Stone Weight
1/1/23,1,Bracelet,Diamond,1,3291,194.83,162.75,3.51,85.46,4254,77406,39060,0,271695.06,310755.06,Rajesh Sharma,Raj Jewelers,56.1,660.64,Earrings,Studs,49.72
1/2/23,2,Ring,Silver,6,5947,79.12,50.92,0,99.59,3748.49999999999,276321.75,10184,0,0,10184,Neeta Singh,Sharma Diamonds,56.1,317.45,Necklaces,Chokers,0.12
1/3/23,3,Bracelet,Silver,8,6816,115.37,25.16,0,94.99,3978.75,358614,5032,0,0,5032,Amit Patel,Kapoor Gold Emporium,82.71,650.38,Bracelets,Tennis Bracelets,67.64
1/3/23,4,Bracelet,Diamond,10,631,142.34,105.14,2.36,67.3,3985.5,340753.5,25233.6,0,804178.26,829411.86,Pooja Gupta,Singh Jewel Palace,87.46,4.08,Rings,Engagement Rings,73.13
1/4/23,5,Ring,Diamond,9,1331,149.73,35.96,1.22,81.77,4205.25,297595.5,8630.4,0,363066.51,371696.91,Suresh Kumar,Gupta Gems & Jewels,64.1,773.39,Pendants,Lockets,24.04
1/4/23,6,Ring,Diamond,4,1797,139.17,106.66,1,80.77,3957,269280,25598.4,0,269280,294878.4,Anita Verma,Verma Jewelry House,20.55,887.31,Anklets,Beaded Anklets,90.63
1/4/23,7,Earrings,Silver,2,3470,70.7,45.81,0,96.87,3097.5,93913.5,9162,0,0,9162,Prakash Mishra,Malhotra Diamonds,84.25,456.02,Chains,Gold Chains,62.37
1/5/23,8,Ring,Silver,9,1645,26.79,45.8,0,95.07,3513,240459.75,9160,0,0,9160,Meena Choudhary,Chopra Gold & Diamonds,19.24,905.98,Brooches,Vintage Brooches,27.18
1/5/23,9,Bracelet,Gold,9,1537,59.93,68.37,0,58.74,4484.25,243903,16408.8,306588.17,0,322996.97,Vikram Mehta,Agarwal Jewelers,28.94,833.9,Toe Rings,Gemstone Toe Rings,90.86
1/6/23,10,Earrings,Diamond,8,8662,46.01,96.83,2.2,59.95,3294.75,157006.5,23239.2,0,345414.3,368653.5,Sunita Yadav,Tiwari Gold Palace,38.83,764.55,Bangles,Enamel Bangles,93.39
1/6/23,11,Earrings,Diamond,3,4604,31.57,103.15,4.98,85.98,3879.74999999999,188683.5,24756,0,939643.83,964399.83,Rajesh Sharma,Raj Jewelers,2.45,620.43,Earrings,Studs,43.32
1/6/23,12,Bracelet,Diamond,5,5602,9.78,46.75,1.07,80.16,4264.5,262555.5,11220,0,280934.38,292154.38,Neeta Singh,Sharma Diamonds,51.22,205.05,Necklaces,Chokers,30.58
1/6/23,13,Ring,Silver,2,7708,187.47,166.92,0,98.58,3879.74999999999,357397.5,33384,0,0,33384,Amit Patel,Kapoor Gold Emporium,78.87,954.31,Bracelets,Tennis Bracelets,32.95
1/6/23,14,Ring,Diamond,3,6097,184.6,23.06,0.47,70.94,3558.75,116025,5534.4,0,54531.75,60066.15,Pooja Gupta,Singh Jewel Palace,18.55,730.08,Rings,Engagement Rings,9.88
1/7/23,15,Necklace,Diamond,1,5666,14.83,11.92,4.19,92.26,3120,98038.5,2860.8,0,410781.32,413642.12,Suresh Kumar,Gupta Gems & Jewels,96.12,898.36,Pendants,Lockets,52.84
1/7/23,16,Ring,Silver,4,7886,38.75,104.53,0,95.65,3542.24999999999,228663.75,20906,0,0,20906,Anita Verma,Verma Jewelry House,65.89,841.26,Anklets,Beaded Anklets,20.61
1/7/23,17,Necklace,Diamond,5,8908,32.2,26.41,0.12,62.5,3273,55569,6338.4,0,6668.28,13006.68,Prakash Mishra,Malhotra Diamonds,96.41,564.07,Chains,Gold Chains,30.85
1/7/23,18,Earrings,Gold,2,4266,59.84,87.43,0,98.99,4441.5,221580.75,20983.2,388320.34,0,409303.54,Meena Choudhary,Chopra Gold & Diamonds,7.71,786.21,Brooches,Vintage Brooches,97.96
1/7/23,19,Earrings,Silver,3,4114,44.79,152.51,0,96.29,4072.5,40152.75,30502,0,0,30502,Vikram Mehta,Agarwal Jewelers,10.41,286.96,Toe Rings,Gemstone Toe Rings,77.34
1/8/23,20,Earrings,Silver,6,2356,189.44,121.02,0,97.16,4124.25,187789.5,24204,0,0,24204,Sunita Yadav,Tiwari Gold Palace,66.04,173.71,Bangles,Enamel Bangles,55.88
1/8/23,21,Necklace,Silver,6,4454,21.41,114.2,0,97.46,3654,235502.25,22840,0,0,22840,Rajesh Sharma,Raj Jewelers,79.14,130.9,Earrings,Studs,10.09
1/8/23,22,Bracelet,Gold,7,3410,46.28,96.3,0,73.5,3165,33265.5,23112,304789.5,0,327901.5,Neeta Singh,Sharma Diamonds,68.44,989.35,Necklaces,Chokers,23.84
1/9/23,23,Bracelet,Silver,9,7499,20.74,35.04,0,98.03,3399.75,83555.25,7008,0,0,7008,Amit Patel,Kapoor Gold Emporium,44.27,762.01,Bracelets,Tennis Bracelets,99.44
1/9/23,24,Earrings,Silver,4,1031,196.18,74.34,0,98.94,3389.25,130749.75,14868,0,0,14868,Pooja Gupta,Singh Jewel Palace,53.33,184.04,Rings,Engagement Rings,64.97
1/10/23,25,Necklace,Silver,5,2429,184.09,58.24,0,95.37,3730.5,142959.75,11648,0,0,11648,Suresh Kumar,Gupta Gems & Jewels,21.9,366.64,Pendants,Lockets,18.39
1/10/23,26,Necklace,Silver,2,493,144.74,170.36,0,97.36,3691.5,255968.25,34072,0,0,34072,Anita Verma,Verma Jewelry House,89.46,933.2,Anklets,Beaded Anklets,40.27
1/10/23,27,Earrings,Gold,6,2565,88.06,49.26,0,89.84,3650.25,201915,11822.4,179811.32,0,191633.72,Prakash Mishra,Malhotra Diamonds,25.17,242.78,Chains,Gold Chains,43.96
1/11/23,28,Ring,Diamond,4,3377,42.08,82.07,0.84,66.37,3744,147924.75,19696.8,0,124256.79,143953.59,Meena Choudhary,Chopra Gold & Diamonds,95.44,693.97,Brooches,Vintage Brooches,58
1/11/23,29,Earrings,Diamond,5,5530,48.19,166.71,3.66,72.27,4480.5,173123.25,40010.4,0,633631.1,673641.5,Vikram Mehta,Agarwal Jewelers,75.06,85.88,Toe Rings,Gemstone Toe Rings,54.38
1/12/23,30,Necklace,Silver,7,7102,91.39,149.84,0,93.31,3447.75,12269.25,29968,0,0,29968,Sunita Yadav,Tiwari Gold Palace,10.25,741.98,Bangles,Enamel Bangles,29.62
1/12/23,31,Ring,Gold,6,8917,154.8,173.3,0,83.43,3923.25,290667.75,41592,679899.23,0,721491.23,Rajesh Sharma,Raj Jewelers,88.58,1.29,Earrings,Studs,41.11
1/13/23,32,Bracelet,Silver,8,6088,56.62,111.38,0,98.43,3359.25,22569,22276,0,0,22276,Neeta Singh,Sharma Diamonds,33.58,880.37,Necklaces,Chokers,66.62
1/13/23,33,Ring,Diamond,6,7609,65.6,57.95,2.25,83.79,3699.75,312274.5,13908,0,702617.62,716525.62,Amit Patel,Kapoor Gold Emporium,42.64,201.53,Bracelets,Tennis Bracelets,36.73
1/13/23,34,Bracelet,Diamond,10,6032,121.99,145.24,1.83,65.94,3300,206316,34857.6,0,377558.28,412415.88,Pooja Gupta,Singh Jewel Palace,62.16,389.26,Rings,Engagement Rings,75.18
1/13/23,35,Necklace,Gold,8,9457,51.36,52.87,0,81.12,3836.99999999999,201473.25,12688.8,202862.19,0,215550.99,Suresh Kumar,Gupta Gems & Jewels,11.35,903.23,Pendants,Lockets,72.31
1/13/23,36,Earrings,Diamond,4,2881,118.92,32.33,1.68,93.07,3397.5,266433,7759.2,0,447607.44,455366.64,Anita Verma,Verma Jewelry House,95.18,298.22,Anklets,Beaded Anklets,49.01
1/14/23,37,Earrings,Silver,7,1739,80.49,131.33,0,94.74,3055.5,323388,26266,0,0,26266,Prakash Mishra,Malhotra Diamonds,47.48,332.8,Chains,Gold Chains,37.84
1/14/23,38,Earrings,Gold,3,9073,11.7,112.63,0,92.97,4223.25,353922.75,27031.2,475664.65,0,502695.85,Meena Choudhary,Chopra Gold & Diamonds,85.56,719.85,Brooches,Vintage Brooches,0.4
1/14/23,39,Earrings,Diamond,1,2374,83.53,142.78,2.93,90.98,3192.75,207188.25,34267.2,0,607061.57,641328.77,Vikram Mehta,Agarwal Jewelers,71.38,37.36,Toe Rings,Gemstone Toe Rings,42.03
1/14/23,40,Earrings,Silver,9,2580,184.31,180.22,0,92.66,3552,62867.25,36044,0,0,36044,Sunita Yadav,Tiwari Gold Palace,92.84,296.68,Bangles,Enamel Bangles,33.54
1/15/23,41,Necklace,Gold,9,6899,62.16,151.79,0,68.41,3715.5,330396.75,36429.6,563975.74,0,600405.34,Rajesh Sharma,Raj Jewelers,84.99,609.35,Earrings,Studs,7.76
1/16/23,42,Necklace,Silver,6,8647,67.95,15.68,0,96.52,3648.75,22446.75,3136,0,0,3136,Neeta Singh,Sharma Diamonds,41.81,548.42,Necklaces,Chokers,32.03
1/17/23,43,Earrings,Diamond,2,4774,17.86,119.22,0.55,88.21,4088.25,304196.25,28612.8,0,167307.94,195920.74,Amit Patel,Kapoor Gold Emporium,27.53,972.86,Bracelets,Tennis Bracelets,26.6
1/17/23,44,Ring,Silver,8,3622,124.93,128.07,0,99.02,3895.5,257555.25,25614,0,0,25614,Pooja Gupta,Singh Jewel Palace,21.59,477.55,Rings,Engagement Rings,10.98
1/17/23,45,Earrings,Gold,10,6204,170.6,173.47,0,85.04,3443.24999999999,339987.75,41632.8,597300.58,0,638933.38,Suresh Kumar,Gupta Gems & Jewels,95.21,659.12,Pendants,Lockets,23.14
1/18/23,46,Bracelet,Silver,6,5919,73.82,69.19,0,95.31,3077.25,337317.75,13838,0,0,13838,Anita Verma,Verma Jewelry House,15.77,86.29,Anklets,Beaded Anklets,23.31
1/19/23,47,Bracelet,Diamond,7,263,51.85,31.73,0.61,66.14,4151.25,27034.5,7615.2,0,16491.04,24106.24,Prakash Mishra,Malhotra Diamonds,89.9,223.63,Chains,Gold Chains,68.93
1/19/23,48,Bracelet,Gold,1,7022,191.54,149.16,0,89.97,3528.75,231471.75,35798.4,526348.35,0,562146.75,Meena Choudhary,Chopra Gold & Diamonds,41.18,929.91,Brooches,Vintage Brooches,99.9
1/19/23,49,Bracelet,Gold,3,3481,150.29,58.14,0,67.06,4334.25,53316.75,13953.6,251993.3,0,265946.9,Vikram Mehta,Agarwal Jewelers,8.56,254.82,Toe Rings,Gemstone Toe Rings,26.39
1/19/23,50,Earrings,Diamond,1,2164,115.6,108.69,2.06,87.29,3592.5,36337.5,26085.6,0,74855.25,100940.85,Sunita Yadav,Tiwari Gold Palace,36.83,183.71,Bangles,Enamel Bangles,34.88
1/19/23,51,Bracelet,Silver,10,6689,64.58,67.98,0,93.84,4076.25,172242,13596,0,0,13596,Rajesh Sharma,Raj Jewelers,50.98,377.59,Earrings,Studs,27.38
1/20/23,52,Ring,Silver,1,7547,48.06,74.05,0,93.17,4409.25,43367.25,14810,0,0,14810,Neeta Singh,Sharma Diamonds,42.24,437.59,Necklaces,Chokers,6.51
1/20/23,53,Earrings,Diamond,1,4084,144.57,123.61,0.98,68.9,3976.5,275004,29666.4,0,269503.92,299170.32,Amit Patel,Kapoor Gold Emporium,97.21,873.37,Bracelets,Tennis Bracelets,81.35
1/20/23,54,Bracelet,Gold,4,3987,106.75,65.45,0,70.3,3620.25,363585.75,15708,236945.36,0,252653.36,Pooja Gupta,Singh Jewel Palace,38.93,8.92,Rings,Engagement Rings,51.26
1/20/23,55,Earrings,Diamond,7,439,106.52,114.7,1.53,85.29,3851.25,216822,27528,0,331737.66,359265.66,Suresh Kumar,Gupta Gems & Jewels,92.85,955.2,Pendants,Lockets,45.69
1/21/23,56,Earrings,Gold,7,4921,19.37,6.28,0,65.16,3815.25,93924.75,1507.2,23959.77,0,25466.97,Anita Verma,Verma Jewelry House,87.36,582.15,Anklets,Beaded Anklets,6.83
1/21/23,57,Earrings,Gold,5,3881,104.88,57.93,0,97.01,3877.5,317378.25,13903.2,224623.58,0,238526.78,Prakash Mishra,Malhotra Diamonds,53.8,903.93,Chains,Gold Chains,93.81
1/22/23,58,Necklace,Silver,6,3690,165.44,56.54,0,96.6,3220.5,321015.75,11308,0,0,11308,Meena Choudhary,Chopra Gold & Diamonds,77.52,210.48,Brooches,Vintage Brooches,6.93
1/22/23,59,Bracelet,Diamond,2,5230,189.63,130.04,4.3,78.82,4047.75,276798.75,31209.6,0,1190234.62,1221444.22,Vikram Mehta,Agarwal Jewelers,34.22,863.85,Toe Rings,Gemstone Toe Rings,87.69
1/23/23,60,Necklace,Gold,5,7791,25.8,62.64,0,76.5,3217.5,233561.25,15033.6,201544.2,0,216577.8,Sunita Yadav,Tiwari Gold Palace,9.12,523.21,Bangles,Enamel Bangles,97.55
1/23/23,61,Ring,Silver,7,9937,128.08,112.86,0,96.69,3021.75,326413.5,22572,0,0,22572,Rajesh Sharma,Raj Jewelers,54.09,154.38,Earrings,Studs,82.34
1/23/23,62,Ring,Diamond,9,7415,115.83,122.97,0.47,59.43,3937.5,67509.75,29512.8,0,31729.58,61242.38,Neeta Singh,Sharma Diamonds,80.52,476.24,Necklaces,Chokers,12.07
1/23/23,63,Necklace,Diamond,6,7833,178.61,125.55,2.3,99.49,3175.5,349863,30132,0,804684.9,834816.9,Amit Patel,Kapoor Gold Emporium,67.6,795.78,Bracelets,Tennis Bracelets,26.86
1/23/23,64,Bracelet,Gold,10,5149,151.49,115.06,0,81.58,4155.75,355597.5,27614.4,478160.6,0,505775,Pooja Gupta,Singh Jewel Palace,79,133.22,Rings,Engagement Rings,64.11
1/24/23,65,Earrings,Gold,4,4804,193.23,79.88,0,59.96,4299,327957,19171.2,343404.12,0,362575.32,Suresh Kumar,Gupta Gems & Jewels,9.61,814.67,Pendants,Lockets,31.15
1/25/23,66,Ring,Gold,3,738,192.21,63.38,0,82.93,4416.75,99618,15211.2,279933.62,0,295144.82,Anita Verma,Verma Jewelry House,22.82,573.45,Anklets,Beaded Anklets,49.97
1/25/23,67,Ring,Diamond,9,7809,49.01,103.03,1.51,76.6,3996.75,322880.25,24727.2,0,487549.18,512276.38,Prakash Mishra,Malhotra Diamonds,75.25,462.14,Chains,Gold Chains,2.48
1/26/23,68,Ring,Gold,7,5243,146.44,16.05,0,59.5,3723,190382.25,3852,59754.15,0,63606.15,Meena Choudhary,Chopra Gold & Diamonds,12.49,660.1,Brooches,Vintage Brooches,20.68
1/27/23,69,Bracelet,Diamond,6,1324,108.45,162.66,1.62,96.77,3528.75,226137,39038.4,0,366341.94,405380.34,Vikram Mehta,Agarwal Jewelers,0.89,671.1,Toe Rings,Gemstone Toe Rings,63.39
1/27/23,70,Necklace,Silver,7,4345,46.85,147.13,0,92.58,3736.5,316420.499999999,29426,0,0,29426,Sunita Yadav,Tiwari Gold Palace,71.89,529.21,Bangles,Enamel Bangles,91.56
1/27/23,71,Necklace,Diamond,8,9841,43,58.23,2.96,82.42,3285.75,18372,13975.2,0,54381.12,68356.32,Rajesh Sharma,Raj Jewelers,14.48,545.08,Earrings,Studs,38.09
1/27/23,72,Bracelet,Gold,5,5523,20.81,109.3,0,98.32,3522.75,140881.5,26232,385036.58,0,411268.58,Neeta Singh,Sharma Diamonds,38.62,411.46,Necklaces,Chokers,39.15
1/27/23,73,Ring,Diamond,3,6707,160.13,162.66,3.29,68.34,4077,307267.5,39038.4,0,1010910.08,1049948.48,Amit Patel,Kapoor Gold Emporium,20.4,583.14,Bracelets,Tennis Bracelets,66.93
1/28/23,74,Bracelet,Gold,3,7507,68.28,49.8,0,69.02,3326.25,306628.5,11952,165647.25,0,177599.25,Pooja Gupta,Singh Jewel Palace,95.28,105.87,Rings,Engagement Rings,65.83
1/28/23,75,Bracelet,Silver,2,9797,172.11,128.7,0,92.5,3396,319392.75,25740,0,0,25740,Suresh Kumar,Gupta Gems & Jewels,35.61,350.77,Pendants,Lockets,92.28
1/29/23,76,Necklace,Gold,8,8173,123.62,18.25,0,61.25,4124.25,69687,4380,75267.56,0,79647.56,Anita Verma,Verma Jewelry House,95.69,631.54,Anklets,Beaded Anklets,74.76
1/29/23,77,Bracelet,Gold,1,8252,136.36,89.54,0,60.36,3267,266913,21489.6,292527.18,0,314016.78,Prakash Mishra,Malhotra Diamonds,87.18,765.98,Chains,Gold Chains,62.45
1/29/23,78,Bracelet,Gold,8,9667,61.88,150.61,0,92.56,3369,61340.25,36146.4,507405.09,0,543551.49,Meena Choudhary,Chopra Gold & Diamonds,55.62,967.48,Brooches,Vintage Brooches,34.38
1/30/23,79,Ring,Gold,3,8959,94.17,106.71,0,93.14,3026.25,296023.5,25610.4,322931.14,0,348541.54,Vikram Mehta,Agarwal Jewelers,4.79,59.2,Toe Rings,Gemstone Toe Rings,53.02
1/30/23,80,Earrings,Gold,9,5868,85.4,107.05,0,88.59,4080,97583.9999999999,25692,436764,0,462456,Sunita Yadav,Tiwari Gold Palace,4.15,822.83,Bangles,Enamel Bangles,49.53
1/30/23,81,Ring,Gold,2,2474,50.96,159.97,0,73.1,3927,278648.25,38392.8,628202.19,0,666594.99,Rajesh Sharma,Raj Jewelers,49.72,418.24,Earrings,Studs,96.44
1/30/23,82,Necklace,Silver,10,4190,167.34,133.98,0,98.58,4041.75,174713.25,26796,0,0,26796,Neeta Singh,Sharma Diamonds,92.06,930.89,Necklaces,Chokers,4.56
1/31/23,83,Earrings,Silver,9,1115,126.31,123.69,0,96.49,3321.75,369951.749999999,24738,0,0,24738,Amit Patel,Kapoor Gold Emporium,53.55,922.28,Bracelets,Tennis Bracelets,44.57
2/1/23,84,Ring,Diamond,6,435,12.3,101.28,2.64,71.1,4031.25,220611,24307.2,0,582413.04,606720.24,Pooja Gupta,Singh Jewel Palace,67.4,142.7,Rings,Engagement Rings,3.33
2/2/23,85,Bracelet,Gold,1,180,164.88,112.84,0,76.6,3894.75,239973,27081.6,439483.59,0,466565.19,Suresh Kumar,Gupta Gems & Jewels,74.56,218.71,Pendants,Lockets,4.5
2/3/23,86,Bracelet,Diamond,5,2234,25.68,132.15,2.09,61.22,3549,142800,31716,0,298452,330168,Anita Verma,Verma Jewelry House,59,979.05,Anklets,Beaded Anklets,75.05
2/4/23,87,Earrings,Silver,10,357,83.72,160.58,0,99.49,3657,277436.25,32116,0,0,32116,Prakash Mishra,Malhotra Diamonds,12.17,115,Chains,Gold Chains,94.5
2/4/23,88,Earrings,Silver,9,284,116.4,144.74,0,97.08,3852,189370.5,28948,0,0,28948,Meena Choudhary,Chopra Gold & Diamonds,28.72,605.6,Brooches,Vintage Brooches,10.6
2/4/23,89,Bracelet,Gold,6,6941,6.49,134.05,0,88.77,3740.25,14139.75,32172,501380.51,0,533552.51,Vikram Mehta,Agarwal Jewelers,24.3,830.54,Toe Rings,Gemstone Toe Rings,96.1
2/4/23,90,Necklace,Gold,7,222,132.32,28.57,0,86.51,3963,231153.75,6856.8,113222.91,0,120079.71,Sunita Yadav,Tiwari Gold Palace,7.74,441.87,Bangles,Enamel Bangles,80.01
2/4/23,91,Ring,Diamond,4,8156,133.64,133.3,0.59,86.14,3271.5,312693.75,31992,0,184489.31,216481.31,Rajesh Sharma,Raj Jewelers,83.8,426.6,Earrings,Studs,63.96
2/5/23,92,Bracelet,Silver,1,7363,132.24,127.79,0,92.63,3810.75,94524.75,25558,0,0,25558,Neeta Singh,Sharma Diamonds,17.19,755.42,Necklaces,Chokers,37.87
2/5/23,93,Ring,Diamond,5,4800,36.88,124.25,3.46,80.25,3675.75,88740.75,29820,0,307043,336863,Amit Patel,Kapoor Gold Emporium,87.9,61,Bracelets,Tennis Bracelets,86.15
2/5/23,94,Ring,Diamond,2,6758,54.87,43.89,4.76,92.52,3691.5,231265.5,10533.6,0,1100823.78,1111357.38,Pooja Gupta,Singh Jewel Palace,72.91,534.89,Rings,Engagement Rings,93.08
2/5/23,95,Ring,Diamond,8,3614,53.24,150.19,2.2,60.34,3704.25,308107.5,36045.6,0,677836.5,713882.1,Suresh Kumar,Gupta Gems & Jewels,39.13,756.19,Pendants,Lockets,68.18
2/5/23,96,Ring,Gold,4,5733,192.21,22.3,0,98.09,4322.25,99235.5,5352,96386.18,0,101738.18,Anita Verma,Verma Jewelry House,1.2,51.37,Anklets,Beaded Anklets,68.6
2/6/23,97,Necklace,Silver,1,6177,18.17,44.42,0,95.64,4227.75,350106.75,8884,0,0,8884,Prakash Mishra,Malhotra Diamonds,14.42,690.35,Chains,Gold Chains,69.81
2/6/23,98,Necklace,Diamond,10,1494,88.61,107.46,3.89,70.5,3944.25,348315,25790.4,0,1354945.35,1380735.75,Meena Choudhary,Chopra Gold & Diamonds,13.33,848.21,Brooches,Vintage Brooches,4.81
2/6/23,99,Necklace,Silver,7,2452,174.89,118.33,0,96.44,4074.75,81197.25,23666,0,0,23666,Vikram Mehta,Agarwal Jewelers,33.92,715.65,Toe Rings,Gemstone Toe Rings,44.98
2/6/23,100,Bracelet,Silver,2,9600,155.05,54.42,0,98.43,3064.5,104440.5,10884,0,0,10884,Sunita Yadav,Tiwari Gold Palace,10.09,449.11,Bangles,Enamel Bangles,34.81
2/6/23,101,Bracelet,Diamond,3,6061,165.38,129.13,1.48,78.15,4116,264969.75,30991.2,0,392155.23,423146.43,Rajesh Sharma,Raj Jewelers,26.41,82.16,Earrings,Studs,96.62
2/7/23,102,Bracelet,Diamond,9,4044,194.6,75.65,4.5,85.21,3729,357261.75,18156,0,1607677.88,1625833.88,Neeta Singh,Sharma Diamonds,7.35,810.88,Necklaces,Chokers,5.33
2/7/23,103,Necklace,Gold,9,6505,80.52,4.06,0,79.2,3476.25,268382.25,974.4,14113.58,0,15087.98,Amit Patel,Kapoor Gold Emporium,49.88,906.36,Bracelets,Tennis Bracelets,49.45
2/7/23,104,Ring,Silver,2,590,65.38,31.54,0,97.17,3210,171000.75,6308,0,0,6308,Pooja Gupta,Singh Jewel Palace,11.34,851.15,Rings,Engagement Rings,94.88
2/7/23,105,Necklace,Diamond,3,1154,10.98,168.17,1.15,64.21,3112.5,69608.25,40360.8,0,80049.49,120410.29,Suresh Kumar,Gupta Gems & Jewels,59.78,340.99,Pendants,Lockets,74.81
2/7/23,106,Bracelet,Diamond,9,801,34.25,44.06,3.02,60.1,3067.5,176921.25,10574.4,0,534302.18,544876.58,Anita Verma,Verma Jewelry House,86.61,211.89,Anklets,Beaded Anklets,47.12
2/8/23,107,Earrings,Silver,1,3034,114.59,25.48,0,93.51,3243,230487,5096,0,0,5096,Prakash Mishra,Malhotra Diamonds,25.36,100.7,Chains,Gold Chains,61.88
2/8/23,108,Bracelet,Diamond,2,5487,35.74,113.82,1.09,70.33,3045,129124.5,27316.8,0,140745.71,168062.51,Meena Choudhary,Chopra Gold & Diamonds,24.94,737.51,Brooches,Vintage Brooches,56.03
2/9/23,109,Ring,Silver,2,6137,148.58,75.77,0,94.37,4098.75,195019.5,15154,0,0,15154,Vikram Mehta,Agarwal Jewelers,79.48,596.08,Toe Rings,Gemstone Toe Rings,82.44
2/9/23,110,Necklace,Diamond,10,4795,12.26,131.99,3.73,83.97,3372.75,55353.75,31677.6,0,206469.49,238147.09,Sunita Yadav,Tiwari Gold Palace,91.93,28.2,Bangles,Enamel Bangles,13.54
2/9/23,111,Earrings,Silver,3,9426,55.6,146.23,0,95.87,3552.75,173678.999999999,29246,0,0,29246,Rajesh Sharma,Raj Jewelers,61.81,822.62,Earrings,Studs,92.86
2/9/23,112,Earrings,Diamond,10,8371,140.61,154.44,4.53,60.11,4233.75,40860,37065.6,0,185095.8,222161.4,Neeta Singh,Sharma Diamonds,13.37,681,Necklaces,Chokers,36.69
2/9/23,113,Ring,Diamond,3,9127,54.82,54.46,0.45,59.94,3171.75,25539.7499999999,13070.4,0,11492.89,24563.29,Amit Patel,Kapoor Gold Emporium,82.3,458.53,Bracelets,Tennis Bracelets,33.6
2/10/23,114,Necklace,Gold,10,8943,147.11,91.01,0,62.25,4253.25,322535.999999999,21842.4,387088.28,0,408930.68,Pooja Gupta,Singh Jewel Palace,13.22,808.29,Rings,Engagement Rings,92.54
2/10/23,115,Earrings,Silver,2,516,199.19,110.74,0,95.11,3959.25,82867.5,22148,0,0,22148,Suresh Kumar,Gupta Gems & Jewels,95.43,800.67,Pendants,Lockets,48.23
2/11/23,116,Bracelet,Gold,8,5666,160.43,62.66,0,58.76,3513,218869.5,15038.4,220124.58,0,235162.98,Anita Verma,Verma Jewelry House,58.2,33.93,Anklets,Beaded Anklets,81.67
2/11/23,117,Ring,Diamond,8,5273,71.66,10.42,0.79,78.95,3177,62251.5,2500.8,0,49178.69,51679.49,Prakash Mishra,Malhotra Diamonds,66.89,184.2,Chains,Gold Chains,11.29
2/11/23,118,Earrings,Silver,8,6099,180.62,84.73,0,95.17,3137.25,103979.25,16946,0,0,16946,Meena Choudhary,Chopra Gold & Diamonds,87.41,274.29,Brooches,Vintage Brooches,98.41
2/12/23,119,Ring,Silver,2,3966,14.98,6.68,0,96.61,3503.25,140292,1336,0,0,1336,Vikram Mehta,Agarwal Jewelers,14.01,292.48,Toe Rings,Gemstone Toe Rings,59.8
2/12/23,120,Necklace,Diamond,9,9037,146.38,155.06,4.75,88.34,3210.75,60300.75,37214.4,0,286428.56,323642.96,Sunita Yadav,Tiwari Gold Palace,49.25,232.62,Bangles,Enamel Bangles,31.32
2/12/23,121,Necklace,Diamond,7,2102,9.55,139.5,1.52,68.89,3401.25,24391.5,33480,0,37075.08,70555.08,Rajesh Sharma,Raj Jewelers,10.45,901.57,Earrings,Studs,51.85
2/12/23,122,Necklace,Diamond,5,339,39.04,36.73,2.33,65,3079.5,329856,8815.2,0,768564.48,777379.68,Neeta Singh,Sharma Diamonds,65.13,719.03,Necklaces,Chokers,15.86
2/12/23,123,Bracelet,Diamond,7,2044,197.58,56.67,3.5,70.01,3892.5,11848.5,13600.8,0,41469.75,55070.55,Amit Patel,Kapoor Gold Emporium,70.15,201.66,Bracelets,Tennis Bracelets,31.84
2/13/23,124,Earrings,Silver,8,6661,75.37,175.77,0,92.51,3218.24999999999,30035.25,35154,0,0,35154,Pooja Gupta,Singh Jewel Palace,16.61,253.33,Rings,Engagement Rings,19.53
2/13/23,125,Necklace,Gold,9,9147,165,69.74,0,63.47,4134.75,303363.75,16737.6,288357.46,0,305095.06,Suresh Kumar,Gupta Gems & Jewels,39.09,970.44,Pendants,Lockets,28.4
2/13/23,126,Bracelet,Silver,2,5967,78.34,148.79,0,98.06,3327,111138,29758,0,0,29758,Anita Verma,Verma Jewelry House,8.18,493.03,Anklets,Beaded Anklets,4.09
2/14/23,127,Necklace,Silver,6,3294,168.81,87.28,0,94.15,4197,273136.5,17456,0,0,17456,Prakash Mishra,Malhotra Diamonds,69.73,324.43,Chains,Gold Chains,14.72
2/14/23,128,Necklace,Silver,9,7833,193.26,155.8,0,99.86,3285,61238.25,31160,0,0,31160,Meena Choudhary,Chopra Gold & Diamonds,55.94,248.86,Brooches,Vintage Brooches,34.44
2/14/23,129,Earrings,Silver,6,6459,89.93,124.92,0,93.74,4082.25,94701,24984,0,0,24984,Vikram Mehta,Agarwal Jewelers,83.92,614.88,Toe Rings,Gemstone Toe Rings,72.11
2/14/23,130,Bracelet,Diamond,2,7687,114.07,8.44,0.6,91.16,3499.49999999999,217995,2025.6,0,130797,132822.6,Sunita Yadav,Tiwari Gold Palace,91.19,809.5,Bangles,Enamel Bangles,68.6
2/14/23,131,Necklace,Gold,1,4904,127.58,53.5,0,87.69,3874.49999999999,370824,12840,207285.75,0,220125.75,Rajesh Sharma,Raj Jewelers,14.52,767.48,Earrings,Studs,57.43
2/15/23,132,Bracelet,Silver,3,1453,187.29,107.9,0,94.88,3057.75,34491,21580,0,0,21580,Neeta Singh,Sharma Diamonds,46.01,670.82,Necklaces,Chokers,37.43
2/15/23,133,Bracelet,Silver,5,2980,55.07,168.11,0,94.95,3742.5,154703.999999999,33622,0,0,33622,Amit Patel,Kapoor Gold Emporium,89.82,593.31,Bracelets,Tennis Bracelets,13.89
2/15/23,134,Necklace,Gold,7,779,124.19,21,0,81.83,3222.75,23332.5,5040,67677.75,0,72717.75,Pooja Gupta,Singh Jewel Palace,15.51,519.3,Rings,Engagement Rings,88.68
2/16/23,135,Necklace,Diamond,10,8778,68.32,98.84,4.44,93.79,3729.74999999999,80715.75,23721.6,0,358377.93,382099.53,Suresh Kumar,Gupta Gems & Jewels,78.14,42.5,Pendants,Lockets,51.05
2/16/23,136,Ring,Silver,10,3720,47.3,51.57,0,95.36,3212.25,340995.75,10314,0,0,10314,Anita Verma,Verma Jewelry House,56.27,618.91,Anklets,Beaded Anklets,36.93
2/16/23,137,Earrings,Diamond,3,9730,21.56,148.22,3.61,61.03,3655.5,42948.75,35572.8,0,155044.99,190617.79,Prakash Mishra,Malhotra Diamonds,5.92,156.27,Chains,Gold Chains,10.31
2/16/23,138,Necklace,Silver,9,4414,126.04,128.75,0,95.27,3165.75,322394.25,25750,0,0,25750,Meena Choudhary,Chopra Gold & Diamonds,86.6,386.39,Brooches,Vintage Brooches,86.84
2/17/23,139,Ring,Silver,10,6964,177.01,66.47,0,94.03,3330,72843,13294,0,0,13294,Vikram Mehta,Agarwal Jewelers,24.42,549.04,Toe Rings,Gemstone Toe Rings,53.95
2/17/23,140,Earrings,Gold,4,1584,73.52,31.28,0,97.38,3892.5,324206.25,7507.2,121757.4,0,129264.6,Sunita Yadav,Tiwari Gold Palace,56.48,742.7,Bangles,Enamel Bangles,34.35
2/17/23,141,Necklace,Gold,10,790,112.77,6.48,0,87.37,4464.75,205223.25,1555.2,28931.58,0,30486.78,Rajesh Sharma,Raj Jewelers,78.84,293.89,Earrings,Studs,0.72
2/18/23,142,Bracelet,Diamond,2,8183,130.22,104.89,2.88,60.6,3673.49999999999,330240.75,25173.6,0,951093.36,976266.96,Neeta Singh,Sharma Diamonds,20.35,681.04,Necklaces,Chokers,35.45
2/18/23,143,Earrings,Silver,3,6225,85.86,69.73,0,94.67,4030.5,63251.25,13946,0,0,13946,Amit Patel,Kapoor Gold Emporium,54.21,495.75,Bracelets,Tennis Bracelets,46.26
2/19/23,144,Bracelet,Diamond,5,9304,181.15,57.79,2.85,60.58,3809.25,287548.5,13869.6,0,819513.22,833382.82,Pooja Gupta,Singh Jewel Palace,46.74,324.72,Rings,Engagement Rings,43.73
2/20/23,145,Ring,Gold,3,6768,75.74,184.02,0,92.86,3747.75,257656.5,44164.8,689660.96,0,733825.76,Suresh Kumar,Gupta Gems & Jewels,1.85,644.76,Pendants,Lockets,73.64
2/20/23,146,Necklace,Gold,5,2447,29.38,83.45,0,96.02,3096.75,207027.75,20028,258423.79,0,278451.79,Anita Verma,Verma Jewelry House,38.73,264.64,Anklets,Beaded Anklets,71.5
2/20/23,147,Ring,Gold,4,3808,33.08,130.36,0,63.15,3216.75,305391,31286.4,419335.53,0,450621.93,Prakash Mishra,Malhotra Diamonds,3.12,440.54,Chains,Gold Chains,25.46
2/21/23,148,Necklace,Gold,10,6476,178.72,35.11,0,76.73,4324.5,245741.25,8426.4,151833.2,0,160259.6,Meena Choudhary,Chopra Gold & Diamonds,28.22,797.95,Brooches,Vintage Brooches,99.71
2/22/23,149,Necklace,Gold,3,8030,197.66,6.39,0,97.08,3615,329814.75,1533.6,23099.85,0,24633.45,Vikram Mehta,Agarwal Jewelers,24.09,549.79,Toe Rings,Gemstone Toe Rings,26.58
2/22/23,150,Bracelet,Diamond,6,737,61.34,73.72,4.7,64.51,3921.75,147540,17692.8,0,693438,711130.8,Sunita Yadav,Tiwari Gold Palace,2.61,278.94,Bangles,Enamel Bangles,95.78
2/22/23,151,Ring,Diamond,8,5966,33,112.17,4.94,70.58,3792,224296.5,26920.8,0,1108024.71,1134945.51,Rajesh Sharma,Raj Jewelers,92.73,605.81,Earrings,Studs,51.38
2/22/23,152,Bracelet,Gold,4,6893,99.03,91.93,0,71.1,3568.5,327445.499999999,22063.2,328052.2,0,350115.4,Neeta Singh,Sharma Diamonds,48.46,870.94,Necklaces,Chokers,35.95
2/23/23,153,Bracelet,Silver,9,3108,143.36,161.6,0,92.72,3582,86444.25,32320,0,0,32320,Amit Patel,Kapoor Gold Emporium,74.35,756.71,Bracelets,Tennis Bracelets,88.81
2/23/23,154,Bracelet,Silver,6,7316,124.42,80.76,0,92.77,3833.25,186009.75,16152,0,0,16152,Pooja Gupta,Singh Jewel Palace,44.51,116.47,Rings,Engagement Rings,39.55
2/23/23,155,Ring,Silver,5,7472,190.47,55.03,0,99.55,3211.5,360572.25,11006,0,0,11006,Suresh Kumar,Gupta Gems & Jewels,61.31,806.17,Pendants,Lockets,54.52
2/23/23,156,Necklace,Silver,3,5700,164.47,168.38,0,96.73,3581.25,181548.75,33676,0,0,33676,Anita Verma,Verma Jewelry House,7.2,824.85,Anklets,Beaded Anklets,46.58
2/24/23,157,Necklace,Silver,5,1499,174.45,70.7,0,94.77,3670.5,100414.499999999,14140,0,0,14140,Prakash Mishra,Malhotra Diamonds,12.5,161.91,Chains,Gold Chains,99.46
2/24/23,158,Ring,Gold,5,8103,110.63,47.36,0,74.18,4477.5,136520.25,11366.4,212054.4,0,223420.8,Meena Choudhary,Chopra Gold & Diamonds,91.18,249.59,Brooches,Vintage Brooches,44.9
2/25/23,159,Necklace,Diamond,4,1605,68.82,20.5,4.85,88.09,3527.25,332768.25,4920,0,1613926.01,1618846.01,Vikram Mehta,Agarwal Jewelers,80.46,145.96,Toe Rings,Gemstone Toe Rings,11.38
2/25/23,160,Ring,Gold,6,5942,141.84,142.07,0,73.67,3966.75,358419.75,34096.8,563556.17,0,597652.97,Sunita Yadav,Tiwari Gold Palace,35.97,808.67,Bangles,Enamel Bangles,15.59
2/26/23,161,Ring,Silver,3,8541,90.62,136.25,0,94.19,3206.25,356664.75,27250,0,0,27250,Rajesh Sharma,Raj Jewelers,18.76,246.76,Earrings,Studs,80.3
2/26/23,162,Necklace,Silver,10,5420,61.11,10.31,0,93.25,3098.25,264361.5,2062,0,0,2062,Neeta Singh,Sharma Diamonds,35.93,31.45,Necklaces,Chokers,47.21
2/26/23,163,Earrings,Diamond,1,8827,34.69,69.65,3.15,88.68,4307.25,194778.75,16716,0,613553.06,630269.06,Amit Patel,Kapoor Gold Emporium,61.91,353.22,Bracelets,Tennis Bracelets,90.32
2/27/23,164,Bracelet,Gold,7,6543,107.94,127.63,0,65.98,4095.75,74638.5,30631.2,522740.57,0,553371.77,Pooja Gupta,Singh Jewel Palace,70.22,44.83,Rings,Engagement Rings,6.91
2/27/23,165,Ring,Diamond,7,3649,120.88,164.44,3.13,61.38,3476.25,52783.5,39465.6,0,165212.35,204677.95,Suresh Kumar,Gupta Gems & Jewels,51.87,862.28,Pendants,Lockets,90.91
2/27/23,166,Ring,Silver,4,7052,115.91,65.63,0,95.66,3756.75,29464.5,13126,0,0,13126,Anita Verma,Verma Jewelry House,36.15,69.08,Anklets,Beaded Anklets,11.66
2/27/23,167,Earrings,Silver,9,8749,27.73,149.53,0,92.79,3203.25,14010,29906,0,0,29906,Prakash Mishra,Malhotra Diamonds,48.24,66.64,Chains,Gold Chains,34.4
2/27/23,168,Ring,Diamond,2,2838,116.15,65.69,3.13,98.45,4060.5,330207.75,15765.6,0,1033550.26,1049315.86,Meena Choudhary,Chopra Gold & Diamonds,11.84,126.57,Brooches,Vintage Brooches,57.94
2/28/23,169,Ring,Silver,1,3469,37.84,37.72,0,97.14,3105.74999999999,304839,7544,0,0,7544,Vikram Mehta,Agarwal Jewelers,15.46,705,Toe Rings,Gemstone Toe Rings,49.89
2/28/23,170,Necklace,Gold,3,4235,134.42,4.89,0,64.82,4135.5,216174,1173.6,20222.59,0,21396.19,Sunita Yadav,Tiwari Gold Palace,89.19,154.81,Bangles,Enamel Bangles,98.49
2/28/23,171,Necklace,Silver,7,8083,88.73,63.72,0,93.78,3820.5,374530.5,12744,0,0,12744,Rajesh Sharma,Raj Jewelers,53.42,40.35,Earrings,Studs,64.24
2/28/23,172,Earrings,Silver,9,3511,170.51,64.73,0,96.72,3418.5,357747,12946,0,0,12946,Neeta Singh,Sharma Diamonds,74.56,960.47,Necklaces,Chokers,72.08
3/1/23,173,Ring,Gold,2,5735,156.76,174.5,0,73.26,4293.75,248252.25,41880,749259.38,0,791139.38,Amit Patel,Kapoor Gold Emporium,72.27,57.21,Bracelets,Tennis Bracelets,10.34
3/2/23,174,Bracelet,Silver,6,4169,146.25,41.98,0,98.23,4479,178231.5,8396,0,0,8396,Pooja Gupta,Singh Jewel Palace,87.44,835.57,Rings,Engagement Rings,14.61
3/2/23,175,Necklace,Diamond,3,6351,141.64,72.16,1.39,81.1,3381.75,63423,17318.4,0,88157.97,105476.37,Suresh Kumar,Gupta Gems & Jewels,22.75,541.72,Pendants,Lockets,36.44
3/2/23,176,Bracelet,Diamond,5,3285,114.3,9.27,2.4,76.44,4209,196980.75,2224.8,0,472753.8,474978.6,Anita Verma,Verma Jewelry House,19.43,891.64,Anklets,Beaded Anklets,20.84
3/2/23,177,Bracelet,Silver,9,3338,16.92,126.97,0,99.63,4125,65470.5,25394,0,0,25394,Prakash Mishra,Malhotra Diamonds,5.72,120.27,Chains,Gold Chains,37.75
3/2/23,178,Earrings,Gold,3,8552,132.82,159.87,0,74.68,4120.5,153930.75,38368.8,658744.34,0,697113.14,Meena Choudhary,Chopra Gold & Diamonds,87.74,482.49,Brooches,Vintage Brooches,84.35
3/3/23,179,Earrings,Gold,1,5837,96.05,45.88,0,75.09,4435.5,353923.499999999,11011.2,203500.74,0,214511.94,Vikram Mehta,Agarwal Jewelers,26.91,98.46,Toe Rings,Gemstone Toe Rings,31.08
3/3/23,180,Ring,Diamond,5,9539,96.56,78.85,2.9,86.06,3729.74999999999,133177.5,18924,0,386214.75,405138.75,Sunita Yadav,Tiwari Gold Palace,53.35,109.52,Bangles,Enamel Bangles,74.45
3/3/23,181,Earrings,Silver,1,2673,78.91,26.77,0,98.49,4010.99999999999,63649.5,5354,0,0,5354,Rajesh Sharma,Raj Jewelers,99.37,303.1,Earrings,Studs,70.59
3/3/23,182,Necklace,Gold,8,6953,186.17,78.31,0,84.43,4236,221530.499999999,18794.4,331721.16,0,350515.56,Neeta Singh,Sharma Diamonds,82.69,291.1,Necklaces,Chokers,84.78
3/4/23,183,Ring,Gold,7,225,53.64,25.62,0,87.42,3719.25,228868.5,6148.8,95287.19,0,101435.99,Amit Patel,Kapoor Gold Emporium,41.16,390.4,Bracelets,Tennis Bracelets,0.74
3/4/23,184,Ring,Diamond,2,9521,66.74,89.71,2.62,73.94,3722.25,78723,21530.4,0,206254.26,227784.66,Pooja Gupta,Singh Jewel Palace,57.35,365.81,Rings,Engagement Rings,87.16
3/4/23,185,Bracelet,Diamond,9,1406,192.79,138.43,0.34,78.35,3477.75,79745.25,33223.2,0,27113.38,60336.58,Suresh Kumar,Gupta Gems & Jewels,2.19,278.08,Pendants,Lockets,75.59
3/5/23,186,Bracelet,Gold,5,2201,162.98,106.26,0,66.66,4171.5,371159.25,25502.4,443263.59,0,468765.99,Anita Verma,Verma Jewelry House,2.27,649.25,Anklets,Beaded Anklets,20.47
3/5/23,187,Bracelet,Diamond,7,235,7.75,46.77,4.45,86.66,4029,96906,11224.8,0,431231.7,442456.5,Prakash Mishra,Malhotra Diamonds,74.1,73.41,Chains,Gold Chains,78.27
3/5/23,188,Ring,Gold,4,7411,181.69,64.76,0,67.67,3676.5,315535.5,15542.4,238090.14,0,253632.54,Meena Choudhary,Chopra Gold & Diamonds,82.18,218.14,Brooches,Vintage Brooches,88.01
3/5/23,189,Earrings,Silver,1,1559,49.2,115.38,0,92.51,3629.25,180344.25,23076,0,0,23076,Vikram Mehta,Agarwal Jewelers,35.06,569.77,Toe Rings,Gemstone Toe Rings,47.82
3/6/23,190,Earrings,Diamond,8,4331,142.66,107.1,3.14,97.16,3108.75,167358.75,25704,0,525506.48,551210.48,Sunita Yadav,Tiwari Gold Palace,55.26,123.42,Bangles,Enamel Bangles,9.48
3/6/23,191,Earrings,Diamond,1,7756,112.85,26.15,3.99,71.17,3009.75,115899,6276,0,462437.01,468713.01,Rajesh Sharma,Raj Jewelers,13.94,125.17,Earrings,Studs,53.87
3/7/23,192,Ring,Silver,3,912,109.68,153.29,0,93.96,3793.5,291881.25,30658,0,0,30658,Neeta Singh,Sharma Diamonds,2.26,201.93,Necklaces,Chokers,62.08
3/8/23,193,Ring,Gold,6,8000,144.99,84.76,0,69.6,3626.25,331143,20342.4,307360.95,0,327703.35,Amit Patel,Kapoor Gold Emporium,83.53,492.81,Bracelets,Tennis Bracelets,33
3/9/23,194,Ring,Gold,8,9143,45.4,32.17,0,72.18,4194,103464,7720.8,134920.98,0,142641.78,Pooja Gupta,Singh Jewel Palace,61.43,945.22,Rings,Engagement Rings,62.31
3/9/23,195,Ring,Diamond,8,7668,36.01,23.29,2.59,78.15,3813.75,42447.75,5589.6,0,109939.67,115529.27,Suresh Kumar,Gupta Gems & Jewels,48.07,113.21,Pendants,Lockets,15.05
3/10/23,196,Ring,Gold,2,970,132.12,176.79,0,61.37,4404.75,57818.25,42429.6,778715.75,0,821145.35,Anita Verma,Verma Jewelry House,93.26,223.94,Anklets,Beaded Anklets,56.14
3/10/23,197,Earrings,Gold,9,8926,61.66,55.43,0,60.68,3294,298855.5,13303.2,182586.42,0,195889.62,Prakash Mishra,Malhotra Diamonds,92.68,229.55,Chains,Gold Chains,14.53
3/10/23,198,Ring,Silver,4,768,194.92,162.67,0,94.67,4485,167666.25,32534,0,0,32534,Meena Choudhary,Chopra Gold & Diamonds,14.41,139.67,Brooches,Vintage Brooches,79.17
3/10/23,199,Earrings,Silver,4,1393,93.04,77.6,0,94.69,3447,55978.5,15520,0,0,15520,Vikram Mehta,Agarwal Jewelers,61.16,607.92,Toe Rings,Gemstone Toe Rings,95.34
3/10/23,200,Ring,Silver,2,8560,26.76,70.5,0,93.37,3963.75,132555.75,14100,0,0,14100,Sunita Yadav,Tiwari Gold Palace,91.46,378.93,Bangles,Enamel Bangles,82.29
3/11/23,201,Earrings,Diamond,1,9152,138.73,126.49,0.91,75.26,3753,196481.25,30357.6,0,178797.94,209155.54,Rajesh Sharma,Raj Jewelers,79,586.31,Earrings,Studs,97.25
3/11/23,202,Necklace,Silver,10,8773,64.7,5.95,0,94.6,3539.25,320628.75,1190,0,0,1190,Neeta Singh,Sharma Diamonds,55.09,910.58,Necklaces,Chokers,33.68
3/12/23,203,Necklace,Silver,7,3490,33.97,65.17,0,92.69,3209.25,243340.5,13034,0,0,13034,Amit Patel,Kapoor Gold Emporium,44.81,874.08,Bracelets,Tennis Bracelets,81.24
3/13/23,204,Earrings,Gold,10,9553,87.45,55.71,0,95.17,3202.5,72192,13370.4,178411.28,0,191781.68,Pooja Gupta,Singh Jewel Palace,22.23,347.71,Rings,Engagement Rings,96.2
3/13/23,205,Necklace,Silver,3,8394,193.02,157.21,0,99.06,4067.24999999999,65823,31442,0,0,31442,Suresh Kumar,Gupta Gems & Jewels,28.81,670.52,Pendants,Lockets,82.28
3/13/23,206,Necklace,Diamond,4,5649,85.23,96.63,1.91,67.16,3566.25,159033,23191.2,0,303753.03,326944.23,Anita Verma,Verma Jewelry House,28.07,509.09,Anklets,Beaded Anklets,45.23
3/14/23,207,Earrings,Silver,9,4987,72.73,68.89,0,93.71,4442.25,35133,13778,0,0,13778,Prakash Mishra,Malhotra Diamonds,81.72,657.63,Chains,Gold Chains,20.08
3/14/23,208,Ring,Diamond,6,4434,91.68,52.21,2.29,81.16,3488.25,285174.75,12530.4,0,653050.18,665580.58,Meena Choudhary,Chopra Gold & Diamonds,45.4,172.24,Brooches,Vintage Brooches,77.86
3/14/23,209,Ring,Gold,1,5784,7.36,105.36,0,84.61,4475.25,155034,25286.4,471512.34,0,496798.74,Vikram Mehta,Agarwal Jewelers,28.77,463.05,Toe Rings,Gemstone Toe Rings,64.37
3/14/23,210,Earrings,Gold,9,9173,30.95,31.88,0,98.14,3308.25,133561.5,7651.2,105467.01,0,113118.21,Sunita Yadav,Tiwari Gold Palace,10.46,603.36,Bangles,Enamel Bangles,94.3
3/14/23,211,Bracelet,Silver,9,6850,170.69,46.36,0,95.29,3154.5,194597.25,9272,0,0,9272,Rajesh Sharma,Raj Jewelers,0.67,127.99,Earrings,Studs,69.24
3/15/23,212,Bracelet,Gold,5,2335,195.72,58.74,0,84.09,3468.75,268041.75,14097.6,203754.38,0,217851.98,Neeta Singh,Sharma Diamonds,9.81,169.97,Necklaces,Chokers,38.86
3/15/23,213,Necklace,Silver,8,5083,35.8,112.78,0,99,4328.25,216735,22556,0,0,22556,Amit Patel,Kapoor Gold Emporium,98.84,25.7,Bracelets,Tennis Bracelets,28.08
3/15/23,214,Bracelet,Gold,7,7852,109.43,64.22,0,77.13,3783,302382.75,15412.8,242944.26,0,258357.06,Pooja Gupta,Singh Jewel Palace,91.59,117.6,Rings,Engagement Rings,86.98
3/15/23,215,Necklace,Diamond,8,5119,193.44,95.8,3.86,63.57,3203.25,238791,22992,0,921733.26,944725.26,Suresh Kumar,Gupta Gems & Jewels,35.24,786.35,Pendants,Lockets,93.38
3/16/23,216,Ring,Gold,9,8141,35.53,116.38,0,74.13,3303.75,297078.75,27931.2,384490.42,0,412421.62,Anita Verma,Verma Jewelry House,61.78,566.05,Anklets,Beaded Anklets,96.02
3/16/23,217,Earrings,Silver,2,2677,41.33,181.45,0,93.51,3467.24999999999,263567.25,36290,0,0,36290,Prakash Mishra,Malhotra Diamonds,55.34,361.73,Chains,Gold Chains,84.93
3/16/23,218,Ring,Silver,10,775,185.73,139.93,0,92.62,3885,78472.5,27986,0,0,27986,Meena Choudhary,Chopra Gold & Diamonds,89.05,320.22,Brooches,Vintage Brooches,94.42
3/17/23,219,Earrings,Silver,5,2539,142.61,68.28,0,98.06,3498.75,26740.5,13656,0,0,13656,Vikram Mehta,Agarwal Jewelers,39.71,452.66,Toe Rings,Gemstone Toe Rings,83.65
3/17/23,220,Bracelet,Diamond,8,9973,34.63,129.67,3.17,68.37,4120.5,339498,31120.8,0,1076208.66,1107329.46,Sunita Yadav,Tiwari Gold Palace,91.44,646.91,Bangles,Enamel Bangles,76.69
3/17/23,221,Ring,Gold,3,5687,81.73,166.91,0,58.58,3924.75,355029,40058.4,655080.02,0,695138.42,Rajesh Sharma,Raj Jewelers,76.23,414.11,Earrings,Studs,21.15
3/17/23,222,Ring,Silver,6,6045,15.97,94.79,0,98.96,4311,274647.75,18958,0,0,18958,Neeta Singh,Sharma Diamonds,17.96,569.76,Necklaces,Chokers,31.9
3/17/23,223,Necklace,Diamond,6,9568,89.37,77.34,3.6,76.87,3751.5,273645.75,18561.6,0,985124.7,1003686.3,Amit Patel,Kapoor Gold Emporium,3.17,562.49,Bracelets,Tennis Bracelets,26.26
3/18/23,224,Earrings,Diamond,7,4867,156.69,17.29,2.67,68.39,3496.5,106779,4149.6,0,285099.93,289249.53,Pooja Gupta,Singh Jewel Palace,77.31,155.22,Rings,Engagement Rings,62.1
3/19/23,225,Bracelet,Diamond,3,7104,113.02,160.76,1.44,69.38,4494.75,206847,38582.4,0,297859.68,336442.08,Suresh Kumar,Gupta Gems & Jewels,70.57,722.62,Pendants,Lockets,48.68
3/20/23,226,Ring,Gold,8,7828,131.25,47.03,0,68.46,3533.25,372147.75,11287.2,166168.75,0,177455.95,Anita Verma,Verma Jewelry House,2.85,142.48,Anklets,Beaded Anklets,74.76
3/20/23,227,Earrings,Gold,8,6709,68.73,14.31,0,66.55,3642.75,322132.5,3434.4,52127.75,0,55562.15,Prakash Mishra,Malhotra Diamonds,98.95,949.8,Chains,Gold Chains,21.62
3/20/23,228,Bracelet,Gold,9,5034,36.47,91.67,0,93.33,4213.5,119364.75,22000.8,386251.54,0,408252.34,Meena Choudhary,Chopra Gold & Diamonds,30.46,574.58,Brooches,Vintage Brooches,30.45
3/21/23,229,Ring,Diamond,8,3748,7.56,144.66,0.49,65.55,3132.75,118133.999999999,34718.4,0,57885.66,92604.06,Vikram Mehta,Agarwal Jewelers,94.47,411.72,Toe Rings,Gemstone Toe Rings,42.47
3/21/23,230,Earrings,Gold,3,7231,165.16,69.91,0,81.76,3579.74999999999,185214.75,16778.4,250260.32,0,267038.72,Sunita Yadav,Tiwari Gold Palace,92.86,280.06,Bangles,Enamel Bangles,11.9
3/21/23,231,Necklace,Silver,6,1412,129.15,129.71,0,93.07,3128.25,156189.75,25942,0,0,25942,Rajesh Sharma,Raj Jewelers,15.79,50.57,Earrings,Studs,22.65
3/21/23,232,Ring,Diamond,9,9365,49.72,135.95,2.96,97.81,3209.25,143898.75,32628,0,425940.3,458568.3,Neeta Singh,Sharma Diamonds,37.79,787.58,Necklaces,Chokers,22.66
3/21/23,233,Earrings,Gold,1,4199,86.59,87.15,0,83.48,3006.75,237912,20916,262038.26,0,282954.26,Amit Patel,Kapoor Gold Emporium,6.78,105.38,Bracelets,Tennis Bracelets,17.62
3/22/23,234,Bracelet,Diamond,3,1754,161.28,101.4,1.19,95.89,3014.25,11723.25,24336,0,13950.67,38286.67,Pooja Gupta,Singh Jewel Palace,31.25,125.78,Rings,Engagement Rings,95.47
3/22/23,235,Bracelet,Diamond,2,6118,110.05,92.04,1.62,74.97,3570.75,288027,22089.6,0,466603.74,488693.34,Suresh Kumar,Gupta Gems & Jewels,98.85,705.1,Pendants,Lockets,87.82
3/22/23,236,Necklace,Gold,8,1385,63.53,156.33,0,92.06,4213.5,279469.5,37519.2,658696.46,0,696215.66,Anita Verma,Verma Jewelry House,9.81,276.5,Anklets,Beaded Anklets,0.47
3/22/23,237,Ring,Diamond,6,7952,57.1,127.62,1.2,93.84,3880.5,312645,30628.8,0,375174,405802.8,Prakash Mishra,Malhotra Diamonds,35.56,958.48,Chains,Gold Chains,82.06
3/23/23,238,Necklace,Gold,10,8826,47.43,162.66,0,87.6,3952.5,316733.25,39038.4,642913.65,0,681952.05,Meena Choudhary,Chopra Gold & Diamonds,52.3,85.46,Brooches,Vintage Brooches,18.75
3/23/23,239,Earrings,Gold,8,7146,165.63,39.82,0,62.35,3778.5,215652,9556.8,150459.87,0,160016.67,Vikram Mehta,Agarwal Jewelers,83.08,3.3,Toe Rings,Gemstone Toe Rings,23.69
3/23/23,240,Bracelet,Gold,2,5280,118.46,58.38,0,59.17,4230,294177,14011.2,246947.4,0,260958.6,Sunita Yadav,Tiwari Gold Palace,81.06,701.97,Bangles,Enamel Bangles,41.14
3/23/23,241,Necklace,Diamond,6,1479,143.29,17.1,0.4,65.48,4320.75,188455.499999999,4104,0,75382.2,79486.2,Rajesh Sharma,Raj Jewelers,93.34,599.55,Earrings,Studs,1
3/24/23,242,Ring,Diamond,7,745,172.72,87.73,0.63,63.39,4274.25,357187.5,21055.2,0,225028.12,246083.32,Neeta Singh,Sharma Diamonds,12.91,592.9,Necklaces,Chokers,78.27
3/24/23,243,Earrings,Gold,8,8315,197.44,155.74,0,88.52,4218,77581.5,37377.6,656911.32,0,694288.92,Amit Patel,Kapoor Gold Emporium,30.09,651.03,Bracelets,Tennis Bracelets,23.38
3/25/23,244,Ring,Diamond,9,5512,53.65,60.17,2.68,81.56,3273.75,343989,14440.8,0,921890.52,936331.32,Pooja Gupta,Singh Jewel Palace,36.93,514.32,Rings,Engagement Rings,19.39
3/25/23,245,Necklace,Gold,5,4752,40.28,24.89,0,80.27,3891,102510,5973.6,96846.99,0,102820.59,Suresh Kumar,Gupta Gems & Jewels,96.8,591.14,Pendants,Lockets,91.44
3/25/23,246,Bracelet,Silver,3,6934,95.09,16.69,0,94.37,3873,45250.5,3338,0,0,3338,Anita Verma,Verma Jewelry House,39.5,438.38,Anklets,Beaded Anklets,70.91
3/26/23,247,Bracelet,Diamond,2,4551,11.84,84.9,2.52,64.9,3792,168870.75,20376,0,425554.29,445930.29,Prakash Mishra,Malhotra Diamonds,97.43,562.09,Chains,Gold Chains,59.55
3/26/23,248,Necklace,Diamond,8,6203,159.38,33.19,1.8,67.05,3721.5,233481.75,7965.6,0,420267.15,428232.75,Meena Choudhary,Chopra Gold & Diamonds,88.93,255.79,Brooches,Vintage Brooches,47.07
3/26/23,249,Ring,Silver,1,7184,177.33,61.51,0,95.46,3133.5,92388.75,12302,0,0,12302,Vikram Mehta,Agarwal Jewelers,13.91,798.73,Toe Rings,Gemstone Toe Rings,43.29
3/26/23,250,Ring,Silver,10,4224,138.78,154.84,0,97.98,3153,211755,30968,0,0,30968,Sunita Yadav,Tiwari Gold Palace,34.02,342.8,Bangles,Enamel Bangles,1.19
3/26/23,251,Ring,Silver,6,464,57.26,69.37,0,94.38,4353.75,304401,13874,0,0,13874,Rajesh Sharma,Raj Jewelers,72.06,348.25,Earrings,Studs,80.32
3/27/23,252,Ring,Gold,2,2755,29.02,104.08,0,87.42,3945,101979,24979.2,410595.6,0,435574.8,Neeta Singh,Sharma Diamonds,2.12,919.92,Necklaces,Chokers,9.11
3/27/23,253,Bracelet,Gold,3,8700,79.52,88.64,0,78.85,3393.75,220768.5,21273.6,300822,0,322095.6,Amit Patel,Kapoor Gold Emporium,68.37,105.76,Bracelets,Tennis Bracelets,80.92
3/27/23,254,Ring,Silver,8,7533,167.5,131.16,0,99.05,3419.25,132197.25,26232,0,0,26232,Pooja Gupta,Singh Jewel Palace,32.73,94.33,Rings,Engagement Rings,68.91
3/28/23,255,Necklace,Gold,1,1414,72.83,32.86,0,68.14,3915,202190.25,7886.4,128646.9,0,136533.3,Suresh Kumar,Gupta Gems & Jewels,50.52,167.07,Pendants,Lockets,0.71
3/28/23,256,Necklace,Diamond,6,5372,11.68,157.46,1.72,77.17,3610.5,252592.5,37790.4,0,434459.1,472249.5,Anita Verma,Verma Jewelry House,86.87,608.44,Anklets,Beaded Anklets,5.32
3/28/23,257,Necklace,Silver,3,318,58.48,108.96,0,93.22,3662.25,136280.25,21792,0,0,21792,Prakash Mishra,Malhotra Diamonds,12.31,299,Chains,Gold Chains,71.62
3/28/23,258,Necklace,Diamond,6,4803,198.04,51.7,1.13,72.38,3090.75,372972.75,12408,0,421459.21,433867.21,Meena Choudhary,Chopra Gold & Diamonds,77.98,335.02,Brooches,Vintage Brooches,63.92
3/29/23,259,Ring,Gold,3,5231,136.95,27.24,0,79.48,3207.75,214687.5,6537.6,87379.11,0,93916.71,Vikram Mehta,Agarwal Jewelers,46.61,543.26,Toe Rings,Gemstone Toe Rings,34.99
3/29/23,260,Bracelet,Silver,8,1639,180.67,28.3,0,97.92,3590.25,310489.5,5660,0,0,5660,Sunita Yadav,Tiwari Gold Palace,64.75,665.54,Bangles,Enamel Bangles,20.56
3/29/23,261,Earrings,Gold,5,3533,156.1,145.08,0,66.7,4049.25,273987,34819.2,587465.19,0,622284.39,Rajesh Sharma,Raj Jewelers,60.37,131.32,Earrings,Studs,7.36
3/29/23,262,Ring,Diamond,4,1702,110.24,104.3,0.61,67.53,3072,320906.25,25032,0,195752.81,220784.81,Neeta Singh,Sharma Diamonds,80.91,221.65,Necklaces,Chokers,59.28
3/29/23,263,Earrings,Gold,9,2804,33.99,72.9,0,84.65,3501.75,71371.5,17496,255277.58,0,272773.58,Amit Patel,Kapoor Gold Emporium,45.55,871.09,Bracelets,Tennis Bracelets,28.38
3/30/23,264,Bracelet,Diamond,5,5164,72.99,61.23,0.53,74.33,4042.5,89288.25,14695.2,0,47322.77,62017.97,Pooja Gupta,Singh Jewel Palace,30.99,555.66,Rings,Engagement Rings,59.73
3/31/23,265,Ring,Gold,4,3748,118.83,147.23,0,78.46,4188,186623.25,35335.2,616599.24,0,651934.44,Suresh Kumar,Gupta Gems & Jewels,69.2,864.82,Pendants,Lockets,30.11